{"cameraMode":{"drawMode":0,"name":"Shaded","section":"Shading Mode"},"sceneLighting":true,"audioPlay":false,"sceneViewState":{"showFog":true,"showMaterialUpdate":false,"showSkybox":true,"showFlares":true,"showImageEffects":true,"showParticleSystems":true},"in2DMode":false,"pivot":{"x":-223.1138916015625,"y":323.078369140625,"z":248.0693359375},"rotation":{"x":-0.15797851979732514,"y":0.8254368901252747,"z":-0.2816353738307953,"w":-0.46301594376564028},"size":2574.34326171875,"orthographic":false}